match_method	webvoc_iri	webvoc_local_name	gdsn_iri	gdsn_label	candidate_count	webvoc_kind	webvoc_types	webvoc_domain	webvoc_range	webvoc_comment	gdsn_kind	gdsn_types	gdsn_domain	gdsn_range	gdsn_comment	same_kind	object_to_langstring	range_class	range_label	range_source_type	value_datatype	structured_text_confirmed	value_path	language_properties	language_paths	other_qualifiers	projection_status
exact	https://ref.gs1.org/voc/allergenStatement	allergenStatement	urn:gs1:std:gdsn:a-1463136308	allergenStatement	1	datatype property	http://www.w3.org/1999/02/22-rdf-syntax-ns#Property | http://www.w3.org/2002/07/owl#DatatypeProperty	https://ref.gs1.org/voc/FoodBeverageTobaccoProduct	http://www.w3.org/1999/02/22-rdf-syntax-ns#langString	Textual description of the presence or absence of allergens as governed by local rules and regulations, specified as one string.	object property	http://www.w3.org/2002/07/owl#ObjectProperty	urn:gs1:std:gdsn:c-474206270	urn:gs1:std:gdsn:c1446	Textual description of the presence or absence of allergens as governed by local rules and regulations, specified as one string.	False	True	urn:gs1:std:gdsn:c1446	Description1000	3	http://www.w3.org/2001/XMLSchema#string	True	<urn:gs1:std:gdsn:a-1463136308>/<http://www.w3.org/1999/02/22-rdf-syntax-ns#value>	urn:gs1:std:gdsn:a7108	<urn:gs1:std:gdsn:a-1463136308>/<urn:gs1:std:gdsn:a7108>	urn:gs1:std:gdsn:a7243 (codeListVersion)	structured text with language qualifier
exact	https://ref.gs1.org/voc/awardPrizeDescription	awardPrizeDescription	urn:gs1:std:gdsn:a1343652253	awardPrizeDescription	1	datatype property	http://www.w3.org/1999/02/22-rdf-syntax-ns#Property | http://www.w3.org/2002/07/owl#DatatypeProperty	https://ref.gs1.org/voc/AwardPrizeDetails	http://www.w3.org/1999/02/22-rdf-syntax-ns#langString	Text that describes the awards won.	object property	http://www.w3.org/2002/07/owl#ObjectProperty	urn:gs1:std:gdsn:c-2077520792	urn:gs1:std:gdsn:c-1284986072	A text that describes the awards a film won.	False	True	urn:gs1:std:gdsn:c-1284986072	Description500	3	http://www.w3.org/2001/XMLSchema#string	True	<urn:gs1:std:gdsn:a1343652253>/<http://www.w3.org/1999/02/22-rdf-syntax-ns#value>	urn:gs1:std:gdsn:a-613866090	<urn:gs1:std:gdsn:a1343652253>/<urn:gs1:std:gdsn:a-613866090>	urn:gs1:std:gdsn:a-1792276983 (codeListVersion)	structured text with language qualifier
exact	https://ref.gs1.org/voc/cheeseMaturationPeriodDescription	cheeseMaturationPeriodDescription	urn:gs1:std:gdsn:a1955192420	cheeseMaturationPeriodDescription	1	datatype property	http://www.w3.org/1999/02/22-rdf-syntax-ns#Property | http://www.w3.org/2002/07/owl#DatatypeProperty	https://ref.gs1.org/voc/MilkButterCreamYogurtCheeseEggsSubstitutes	http://www.w3.org/1999/02/22-rdf-syntax-ns#langString	A descriptive way to specify a date range as some cheeses are matured over a period of time, but not an exact period. For example 3 to 4 weeks, over 1 year etc. The term maturation is also known in other markets as Aged.	object property	http://www.w3.org/2002/07/owl#ObjectProperty	urn:gs1:std:gdsn:c1295492601	urn:gs1:std:gdsn:c1442	A descriptive way to specify a date range as some cheeses are matured over a period of time, but not an exact period. For example 3 to 4 weeks, over 1 year etc. The term maturation is also known in other markets as Aged.	False	True	urn:gs1:std:gdsn:c1442	Description70	3	http://www.w3.org/2001/XMLSchema#string	True	<urn:gs1:std:gdsn:a1955192420>/<http://www.w3.org/1999/02/22-rdf-syntax-ns#value>	urn:gs1:std:gdsn:a7127	<urn:gs1:std:gdsn:a1955192420>/<urn:gs1:std:gdsn:a7127>	urn:gs1:std:gdsn:a7241 (codeListVersion)	structured text with language qualifier
exact	https://ref.gs1.org/voc/clothingCut	clothingCut	urn:gs1:std:gdsn:a401016108	clothingCut	1	datatype property	http://www.w3.org/1999/02/22-rdf-syntax-ns#Property | http://www.w3.org/2002/07/owl#DatatypeProperty	https://ref.gs1.org/voc/Clothing	http://www.w3.org/1999/02/22-rdf-syntax-ns#langString	Supplemental information to indicate the clothing cut or silhouette make of the garment. For example, silhouette details for a pair of jeans such as boot cut, or loose fit, comfort fit.	object property	http://www.w3.org/2002/07/owl#ObjectProperty	urn:gs1:std:gdsn:c1617272334	urn:gs1:std:gdsn:c1442	"Supplemental information to indicate the clothing cut or silhouette make of the garment. For example: silhouette details for a pair of jeans such as boot cut, or loose fit, ""Comfort Fit""."	False	True	urn:gs1:std:gdsn:c1442	Description70	3	http://www.w3.org/2001/XMLSchema#string	True	<urn:gs1:std:gdsn:a401016108>/<http://www.w3.org/1999/02/22-rdf-syntax-ns#value>	urn:gs1:std:gdsn:a7127	<urn:gs1:std:gdsn:a401016108>/<urn:gs1:std:gdsn:a7127>	urn:gs1:std:gdsn:a7241 (codeListVersion)	structured text with language qualifier
exact	https://ref.gs1.org/voc/collarType	collarType	urn:gs1:std:gdsn:a-148663427	collarType	1	datatype property	http://www.w3.org/1999/02/22-rdf-syntax-ns#Property | http://www.w3.org/2002/07/owl#DatatypeProperty	https://ref.gs1.org/voc/Clothing	http://www.w3.org/1999/02/22-rdf-syntax-ns#langString	A free text description of the type of collar on the garment.	object property	http://www.w3.org/2002/07/owl#ObjectProperty	urn:gs1:std:gdsn:c1617272334	urn:gs1:std:gdsn:c1442	A free text description that identifies the type of collar on the garment.	False	True	urn:gs1:std:gdsn:c1442	Description70	3	http://www.w3.org/2001/XMLSchema#string	True	<urn:gs1:std:gdsn:a-148663427>/<http://www.w3.org/1999/02/22-rdf-syntax-ns#value>	urn:gs1:std:gdsn:a7127	<urn:gs1:std:gdsn:a-148663427>/<urn:gs1:std:gdsn:a7127>	urn:gs1:std:gdsn:a7241 (codeListVersion)	structured text with language qualifier
exact	https://ref.gs1.org/voc/colourDescription	colourDescription	urn:gs1:std:gdsn:a7143	colourDescription	1	datatype property	http://www.w3.org/1999/02/22-rdf-syntax-ns#Property | http://www.w3.org/2002/07/owl#DatatypeProperty | http://www.w3.org/2002/07/owl#FunctionalProperty	https://ref.gs1.org/voc/Product	http://www.w3.org/1999/02/22-rdf-syntax-ns#langString	A description of the colour of an object.	object property	http://www.w3.org/2002/07/owl#ObjectProperty	urn:gs1:std:gdsn:c1376	urn:gs1:std:gdsn:c1440	A description of a colour of an object.	False	True	urn:gs1:std:gdsn:c1440	Description80	3	http://www.w3.org/2001/XMLSchema#string	True	<urn:gs1:std:gdsn:a7143>/<http://www.w3.org/1999/02/22-rdf-syntax-ns#value>	urn:gs1:std:gdsn:a7121	<urn:gs1:std:gdsn:a7143>/<urn:gs1:std:gdsn:a7121>	urn:gs1:std:gdsn:a7240 (codeListVersion)	structured text with language qualifier
exact	https://ref.gs1.org/voc/consumerPackageDisclaimer	consumerPackageDisclaimer	urn:gs1:std:gdsn:a1265454450	consumerPackageDisclaimer	1	datatype property	http://www.w3.org/1999/02/22-rdf-syntax-ns#Property | http://www.w3.org/2002/07/owl#DatatypeProperty | http://www.w3.org/2002/07/owl#FunctionalProperty	https://ref.gs1.org/voc/Product	http://www.w3.org/1999/02/22-rdf-syntax-ns#langString	Additional information that should be used in advertising and in displaying.	object property	http://www.w3.org/2002/07/owl#ObjectProperty	urn:gs1:std:gdsn:c1358	urn:gs1:std:gdsn:c1444	Additional information that should be used in advertising and in displaying.	False	True	urn:gs1:std:gdsn:c1444	Description5000	3	http://www.w3.org/2001/XMLSchema#string	True	<urn:gs1:std:gdsn:a1265454450>/<http://www.w3.org/1999/02/22-rdf-syntax-ns#value>	urn:gs1:std:gdsn:a7053	<urn:gs1:std:gdsn:a1265454450>/<urn:gs1:std:gdsn:a7053>	urn:gs1:std:gdsn:a7237 (codeListVersion)	structured text with language qualifier
exact	https://ref.gs1.org/voc/consumerRecyclingInstructions	consumerRecyclingInstructions	urn:gs1:std:gdsn:a1586975323	consumerRecyclingInstructions	1	datatype property	http://www.w3.org/1999/02/22-rdf-syntax-ns#Property | http://www.w3.org/2002/07/owl#DatatypeProperty | http://www.w3.org/2002/07/owl#FunctionalProperty	https://ref.gs1.org/voc/Product	http://www.w3.org/1999/02/22-rdf-syntax-ns#langString	Expresses in text the consumer recycling instructions which are normally held on the label or accompanying the product. Instructions may refer to the 'how' the consumer is supposed to sort the product and packaging materials for recycling.	object property	http://www.w3.org/2002/07/owl#ObjectProperty	urn:gs1:std:gdsn:c759029071	urn:gs1:std:gdsn:c1444	"Expresses in text the consumer recycling instructions which are normally held on the label or accompanying the product. Instructions may refer to the ""how"" the consumer is supposed to sort the product and packaging materials for recycling."	False	True	urn:gs1:std:gdsn:c1444	Description5000	3	http://www.w3.org/2001/XMLSchema#string	True	<urn:gs1:std:gdsn:a1586975323>/<http://www.w3.org/1999/02/22-rdf-syntax-ns#value>	urn:gs1:std:gdsn:a7053	<urn:gs1:std:gdsn:a1586975323>/<urn:gs1:std:gdsn:a7053>	urn:gs1:std:gdsn:a7237 (codeListVersion)	structured text with language qualifier
exact	https://ref.gs1.org/voc/consumerSafetyInformation	consumerSafetyInformation	urn:gs1:std:gdsn:a442530148	consumerSafetyInformation	1	datatype property	http://www.w3.org/1999/02/22-rdf-syntax-ns#Property | http://www.w3.org/2002/07/owl#DatatypeProperty | http://www.w3.org/2002/07/owl#FunctionalProperty	https://ref.gs1.org/voc/Product	http://www.w3.org/1999/02/22-rdf-syntax-ns#langString	Information on consumer safety regarding the product.	object property	http://www.w3.org/2002/07/owl#ObjectProperty	urn:gs1:std:gdsn:c335360725	urn:gs1:std:gdsn:c1442	Information on consumer safety regarding the trade item.	False	True	urn:gs1:std:gdsn:c1442	Description70	3	http://www.w3.org/2001/XMLSchema#string	True	<urn:gs1:std:gdsn:a442530148>/<http://www.w3.org/1999/02/22-rdf-syntax-ns#value>	urn:gs1:std:gdsn:a7127	<urn:gs1:std:gdsn:a442530148>/<urn:gs1:std:gdsn:a7127>	urn:gs1:std:gdsn:a7241 (codeListVersion)	structured text with language qualifier
exact	https://ref.gs1.org/voc/consumerStorageInstructions	consumerStorageInstructions	urn:gs1:std:gdsn:a1671886923	consumerStorageInstructions	1	datatype property	http://www.w3.org/1999/02/22-rdf-syntax-ns#Property | http://www.w3.org/2002/07/owl#DatatypeProperty | http://www.w3.org/2002/07/owl#FunctionalProperty	https://ref.gs1.org/voc/Product	http://www.w3.org/1999/02/22-rdf-syntax-ns#langString	Expresses in text the consumer storage instructions of a product which are normally held on the label or accompanying the product. This information may or may not be labelled on the pack.	object property	http://www.w3.org/2002/07/owl#ObjectProperty	urn:gs1:std:gdsn:c759029071	urn:gs1:std:gdsn:c1444	Expresses in text the consumer storage instructions of a product which are normally held on the label or accompanying the product. This information may or may not be labeled on the pack. Instructions may refer to a suggested storage temperature, a specific storage requirement.	False	True	urn:gs1:std:gdsn:c1444	Description5000	3	http://www.w3.org/2001/XMLSchema#string	True	<urn:gs1:std:gdsn:a1671886923>/<http://www.w3.org/1999/02/22-rdf-syntax-ns#value>	urn:gs1:std:gdsn:a7053	<urn:gs1:std:gdsn:a1671886923>/<urn:gs1:std:gdsn:a7053>	urn:gs1:std:gdsn:a7237 (codeListVersion)	structured text with language qualifier
exact	https://ref.gs1.org/voc/consumerUsageInstructions	consumerUsageInstructions	urn:gs1:std:gdsn:a-715406926	consumerUsageInstructions	1	datatype property	http://www.w3.org/1999/02/22-rdf-syntax-ns#Property | http://www.w3.org/2002/07/owl#DatatypeProperty | http://www.w3.org/2002/07/owl#FunctionalProperty	https://ref.gs1.org/voc/Product	http://www.w3.org/1999/02/22-rdf-syntax-ns#langString	Free text containing the usage instructions of a product, which are normally held on the label or accompanying the product. This information may or may not be labelled on the pack.	object property	http://www.w3.org/2002/07/owl#ObjectProperty	urn:gs1:std:gdsn:c759029071	urn:gs1:std:gdsn:c1444	Expresses in text the consumer usage instructions of a product which are normally held on the label or accompanying the product. This information may or may not be labeled on the pack. Instructions may refer to a the how the consumer is to use the product, This does not include storage, food preparations, and drug dosage and preparation instructions.	False	True	urn:gs1:std:gdsn:c1444	Description5000	3	http://www.w3.org/2001/XMLSchema#string	True	<urn:gs1:std:gdsn:a-715406926>/<http://www.w3.org/1999/02/22-rdf-syntax-ns#value>	urn:gs1:std:gdsn:a7053	<urn:gs1:std:gdsn:a-715406926>/<urn:gs1:std:gdsn:a7053>	urn:gs1:std:gdsn:a7237 (codeListVersion)	structured text with language qualifier
exact	https://ref.gs1.org/voc/countryOfOriginStatement	countryOfOriginStatement	urn:gs1:std:gdsn:a637283062	countryOfOriginStatement	1	datatype property	http://www.w3.org/1999/02/22-rdf-syntax-ns#Property | http://www.w3.org/2002/07/owl#DatatypeProperty | http://www.w3.org/2002/07/owl#FunctionalProperty	https://ref.gs1.org/voc/Product	http://www.w3.org/1999/02/22-rdf-syntax-ns#langString	A description of the geographic area the item may have originated from or has been processed.	object property	http://www.w3.org/2002/07/owl#ObjectProperty	urn:gs1:std:gdsn:c-1960343027	urn:gs1:std:gdsn:c-1284986072	A description of the country the item may have originated from or has been processed for example “Made in Germany”.	False	True	urn:gs1:std:gdsn:c-1284986072	Description500	3	http://www.w3.org/2001/XMLSchema#string	True	<urn:gs1:std:gdsn:a637283062>/<http://www.w3.org/1999/02/22-rdf-syntax-ns#value>	urn:gs1:std:gdsn:a-613866090	<urn:gs1:std:gdsn:a637283062>/<urn:gs1:std:gdsn:a-613866090>	urn:gs1:std:gdsn:a-1792276983 (codeListVersion)	structured text with language qualifier
exact	https://ref.gs1.org/voc/descriptiveSize	descriptiveSize	urn:gs1:std:gdsn:a6901	descriptiveSize	1	datatype property	http://www.w3.org/1999/02/22-rdf-syntax-ns#Property | http://www.w3.org/2002/07/owl#DatatypeProperty | http://www.w3.org/2002/07/owl#FunctionalProperty	https://ref.gs1.org/voc/Product	http://www.w3.org/1999/02/22-rdf-syntax-ns#langString	An alphanumeric size factor the brand owner wishes to communicate to the consumer. IE Jumbo, Capri, Full Length, Maxi.	object property	http://www.w3.org/2002/07/owl#ObjectProperty	urn:gs1:std:gdsn:c1379	urn:gs1:std:gdsn:c1440	A description of the size of an object.	False	True	urn:gs1:std:gdsn:c1440	Description80	3	http://www.w3.org/2001/XMLSchema#string	True	<urn:gs1:std:gdsn:a6901>/<http://www.w3.org/1999/02/22-rdf-syntax-ns#value>	urn:gs1:std:gdsn:a7121	<urn:gs1:std:gdsn:a6901>/<urn:gs1:std:gdsn:a7121>	urn:gs1:std:gdsn:a7240 (codeListVersion)	structured text with language qualifier
exact	https://ref.gs1.org/voc/dietTypeDescription	dietTypeDescription	urn:gs1:std:gdsn:a462122551	dietTypeDescription	1	datatype property	http://www.w3.org/1999/02/22-rdf-syntax-ns#Property | http://www.w3.org/2002/07/owl#DatatypeProperty	https://ref.gs1.org/voc/FoodBeverageTobaccoProduct	http://www.w3.org/1999/02/22-rdf-syntax-ns#langString	Free text for indication of diet not stated in the list of diets.	object property	http://www.w3.org/2002/07/owl#ObjectProperty	urn:gs1:std:gdsn:c1319	urn:gs1:std:gdsn:c1442	Free text for indication of diet not stated in the list of diets.	False	True	urn:gs1:std:gdsn:c1442	Description70	3	http://www.w3.org/2001/XMLSchema#string	True	<urn:gs1:std:gdsn:a462122551>/<http://www.w3.org/1999/02/22-rdf-syntax-ns#value>	urn:gs1:std:gdsn:a7127	<urn:gs1:std:gdsn:a462122551>/<urn:gs1:std:gdsn:a7127>	urn:gs1:std:gdsn:a7241 (codeListVersion)	structured text with language qualifier
exact	https://ref.gs1.org/voc/functionalName	functionalName	urn:gs1:std:gdsn:a1986433438	functionalName	1	datatype property	http://www.w3.org/1999/02/22-rdf-syntax-ns#Property | http://www.w3.org/2002/07/owl#DatatypeProperty | http://www.w3.org/2002/07/owl#FunctionalProperty	https://ref.gs1.org/voc/Product	http://www.w3.org/1999/02/22-rdf-syntax-ns#langString	Describes use of the product or service by the consumer. Should help clarify the product classification associated with the GTIN.	object property	http://www.w3.org/2002/07/owl#ObjectProperty	urn:gs1:std:gdsn:c1204161147	urn:gs1:std:gdsn:c1441	Describes use of the product or service by the consumer. Should help clarify the product classification associated with the GTIN.	False	True	urn:gs1:std:gdsn:c1441	Description35	3	http://www.w3.org/2001/XMLSchema#string	True	<urn:gs1:std:gdsn:a1986433438>/<http://www.w3.org/1999/02/22-rdf-syntax-ns#value>	urn:gs1:std:gdsn:a7139	<urn:gs1:std:gdsn:a1986433438>/<urn:gs1:std:gdsn:a7139>	urn:gs1:std:gdsn:a7242 (codeListVersion)	structured text with language qualifier
exact	https://ref.gs1.org/voc/ingredientName	ingredientName	urn:gs1:std:gdsn:a-1308767907	ingredientName	1	datatype property	http://www.w3.org/1999/02/22-rdf-syntax-ns#Property | http://www.w3.org/2002/07/owl#DatatypeProperty	https://ref.gs1.org/voc/FoodBeverageTobaccoIngredientDetails	http://www.w3.org/1999/02/22-rdf-syntax-ns#langString	Free text field describing an ingredient or ingredient group. Ingredients include any additives (colourings, preservatives, e-numbers, etc.) that are encompassed.	object property	http://www.w3.org/2002/07/owl#ObjectProperty	urn:gs1:std:gdsn:c-1844662839	urn:gs1:std:gdsn:c1442	Text field indicating one ingredient or ingredient group (according to regulations of the target market). Ingredients include any additives (colorings, preservatives, e-numbers, etc) that are encompassed.	False	True	urn:gs1:std:gdsn:c1442	Description70	3	http://www.w3.org/2001/XMLSchema#string	True	<urn:gs1:std:gdsn:a-1308767907>/<http://www.w3.org/1999/02/22-rdf-syntax-ns#value>	urn:gs1:std:gdsn:a7127	<urn:gs1:std:gdsn:a-1308767907>/<urn:gs1:std:gdsn:a7127>	urn:gs1:std:gdsn:a7241 (codeListVersion)	structured text with language qualifier
exact	https://ref.gs1.org/voc/ingredientStatement	ingredientStatement	urn:gs1:std:gdsn:a812659001	ingredientStatement	1	datatype property	http://www.w3.org/1999/02/22-rdf-syntax-ns#Property | http://www.w3.org/2002/07/owl#DatatypeProperty	https://ref.gs1.org/voc/FoodBeverageTobaccoProduct	http://www.w3.org/1999/02/22-rdf-syntax-ns#langString	Information on the constituent ingredient make up of the product specified as one string.	object property	http://www.w3.org/2002/07/owl#ObjectProperty	urn:gs1:std:gdsn:c1320	urn:gs1:std:gdsn:c1481031847	Information on the constituent ingredient make up of the product specified as one string. This attribute will be migrated to the nonfoodIngredientStatement in the future	False	True	urn:gs1:std:gdsn:c1481031847	FormattedDescription5000	3	http://www.w3.org/2001/XMLSchema#string	True	<urn:gs1:std:gdsn:a812659001>/<http://www.w3.org/1999/02/22-rdf-syntax-ns#value>	urn:gs1:std:gdsn:a1898337069	<urn:gs1:std:gdsn:a812659001>/<urn:gs1:std:gdsn:a1898337069>	urn:gs1:std:gdsn:a-430496472 (formattingPattern) | urn:gs1:std:gdsn:a1011214172 (codeListVersion) | urn:gs1:std:gdsn:a1253275657 (sequenceNumber)	structured text with language qualifier
exact	https://ref.gs1.org/voc/numberOfServingsRangeDescription	numberOfServingsRangeDescription	urn:gs1:std:gdsn:a1437973620	numberOfServingsRangeDescription	1	datatype property	http://www.w3.org/1999/02/22-rdf-syntax-ns#Property | http://www.w3.org/2002/07/owl#DatatypeProperty	https://ref.gs1.org/voc/FoodBeverageTobaccoProduct	http://www.w3.org/1999/02/22-rdf-syntax-ns#langString	A free text field specifying a range for the number of servings contained in the package.	object property	http://www.w3.org/2002/07/owl#ObjectProperty	urn:gs1:std:gdsn:c1325	urn:gs1:std:gdsn:c-1284986072	A text description describing the range of servings/portions contained within a trade item. Some items may contain a variance in the number of units or a range, therefore the servings could also vary for the trade item. This attribute should only be used when there is a range of servings. If servings is an exact amount, this should not be used. An example of its use would be a bag of meatballs may contain 18-20 meatballs. If the serving size is 2 meatballs then the numberOfServingsRange would be 9-10 servings or portions.	False	True	urn:gs1:std:gdsn:c-1284986072	Description500	3	http://www.w3.org/2001/XMLSchema#string	True	<urn:gs1:std:gdsn:a1437973620>/<http://www.w3.org/1999/02/22-rdf-syntax-ns#value>	urn:gs1:std:gdsn:a-613866090	<urn:gs1:std:gdsn:a1437973620>/<urn:gs1:std:gdsn:a-613866090>	urn:gs1:std:gdsn:a-1792276983 (codeListVersion)	structured text with language qualifier
exact	https://ref.gs1.org/voc/preparationConsumptionPrecautions	preparationConsumptionPrecautions	urn:gs1:std:gdsn:a746319557	preparationConsumptionPrecautions	1	datatype property	http://www.w3.org/1999/02/22-rdf-syntax-ns#Property | http://www.w3.org/2002/07/owl#DatatypeProperty	https://ref.gs1.org/voc/FoodAndBeveragePreparationInformation	http://www.w3.org/1999/02/22-rdf-syntax-ns#langString	Specifies additional precautions to be taken before preparation or consumption of the product.	object property	http://www.w3.org/2002/07/owl#ObjectProperty	urn:gs1:std:gdsn:c-970284611	urn:gs1:std:gdsn:c1446	Specifies additional precautions to be taken before preparation or consumption of the product.	False	True	urn:gs1:std:gdsn:c1446	Description1000	3	http://www.w3.org/2001/XMLSchema#string	True	<urn:gs1:std:gdsn:a746319557>/<http://www.w3.org/1999/02/22-rdf-syntax-ns#value>	urn:gs1:std:gdsn:a7108	<urn:gs1:std:gdsn:a746319557>/<urn:gs1:std:gdsn:a7108>	urn:gs1:std:gdsn:a7243 (codeListVersion)	structured text with language qualifier
exact	https://ref.gs1.org/voc/preparationInstructions	preparationInstructions	urn:gs1:std:gdsn:a-1030883678	preparationInstructions	2	datatype property	http://www.w3.org/1999/02/22-rdf-syntax-ns#Property | http://www.w3.org/2002/07/owl#DatatypeProperty	https://ref.gs1.org/voc/FoodAndBeveragePreparationInformation	http://www.w3.org/1999/02/22-rdf-syntax-ns#langString	Free text providing instructions on how to prepare the product before serving.	object property	http://www.w3.org/2002/07/owl#ObjectProperty	urn:gs1:std:gdsn:c-970284611	urn:gs1:std:gdsn:c1444	Textual instruction on how to prepare the product before serving.	False	True	urn:gs1:std:gdsn:c1444	Description5000	3	http://www.w3.org/2001/XMLSchema#string	True	<urn:gs1:std:gdsn:a-1030883678>/<http://www.w3.org/1999/02/22-rdf-syntax-ns#value>	urn:gs1:std:gdsn:a7053	<urn:gs1:std:gdsn:a-1030883678>/<urn:gs1:std:gdsn:a7053>	urn:gs1:std:gdsn:a7237 (codeListVersion)	structured text with language qualifier
exact	https://ref.gs1.org/voc/provenanceStatement	provenanceStatement	urn:gs1:std:gdsn:a122414996	provenanceStatement	1	datatype property	http://www.w3.org/1999/02/22-rdf-syntax-ns#Property | http://www.w3.org/2002/07/owl#DatatypeProperty	https://ref.gs1.org/voc/Product	http://www.w3.org/1999/02/22-rdf-syntax-ns#langString	Free text description of the region or place the product originates from. This is to be specifically used to specify areas such as cities, mountain ranges, regions. Examples: Made in the Thuringen Mountains, Made in Paris, From the Napa Valley.	object property	http://www.w3.org/2002/07/owl#ObjectProperty	urn:gs1:std:gdsn:c-1960343027	urn:gs1:std:gdsn:c-1284986072	The place a trade item originates from. This is to be specifically used to enable things such as cities, mountain ranges, regions that do not comply with ISO standards. It may also include country(ies). Examples: Made in Thüringen Mountains, Made in Paris, From the Napa Valley, Made in Greece.	False	True	urn:gs1:std:gdsn:c-1284986072	Description500	3	http://www.w3.org/2001/XMLSchema#string	True	<urn:gs1:std:gdsn:a122414996>/<http://www.w3.org/1999/02/22-rdf-syntax-ns#value>	urn:gs1:std:gdsn:a-613866090	<urn:gs1:std:gdsn:a122414996>/<urn:gs1:std:gdsn:a-613866090>	urn:gs1:std:gdsn:a-1792276983 (codeListVersion)	structured text with language qualifier
exact	https://ref.gs1.org/voc/regulatedProductName	regulatedProductName	urn:gs1:std:gdsn:a-1087356154	regulatedProductName	1	datatype property	http://www.w3.org/1999/02/22-rdf-syntax-ns#Property | http://www.w3.org/2002/07/owl#DatatypeProperty	https://ref.gs1.org/voc/Product	http://www.w3.org/1999/02/22-rdf-syntax-ns#langString	The prescribed, regulated or generic product name or denomination that describes the true nature of the product. For example for a food product in order to distinguish it from other foods according to country specific regulations.	object property	http://www.w3.org/2002/07/owl#ObjectProperty	urn:gs1:std:gdsn:c1204161147	urn:gs1:std:gdsn:c603569752	The prescribed, regulated or generic product name or denomination that describes the true nature of the item and is sufficiently precise to distinguish it from other products according to country specific regulation.	False	True	urn:gs1:std:gdsn:c603569752	FormattedDescription500	3	http://www.w3.org/2001/XMLSchema#string	True	<urn:gs1:std:gdsn:a-1087356154>/<http://www.w3.org/1999/02/22-rdf-syntax-ns#value>	urn:gs1:std:gdsn:a-1709914347	<urn:gs1:std:gdsn:a-1087356154>/<urn:gs1:std:gdsn:a-1709914347>	urn:gs1:std:gdsn:a-113920181 (formattingPattern) | urn:gs1:std:gdsn:a-1394697680 (sequenceNumber) | urn:gs1:std:gdsn:a-591143758 (codeListVersion)	structured text with language qualifier
exact	https://ref.gs1.org/voc/responsibility	responsibility	urn:gs1:std:gdsn:a-1089055356	responsibility	1	datatype property	http://www.w3.org/1999/02/22-rdf-syntax-ns#Property | http://www.w3.org/2002/07/owl#DatatypeProperty	https://ref.gs1.org/voc/ContactPoint	http://www.w3.org/1999/02/22-rdf-syntax-ns#langString	Text further specifying the area of responsibility of the trade contact.	object property	http://www.w3.org/2002/07/owl#ObjectProperty	urn:gs1:std:gdsn:c818	urn:gs1:std:gdsn:c1442	Text further specifying the area of responsibility of the trade contact.	False	True	urn:gs1:std:gdsn:c1442	Description70	3	http://www.w3.org/2001/XMLSchema#string	True	<urn:gs1:std:gdsn:a-1089055356>/<http://www.w3.org/1999/02/22-rdf-syntax-ns#value>	urn:gs1:std:gdsn:a7127	<urn:gs1:std:gdsn:a-1089055356>/<urn:gs1:std:gdsn:a7127>	urn:gs1:std:gdsn:a7241 (codeListVersion)	structured text with language qualifier
exact	https://ref.gs1.org/voc/seasonName	seasonName	urn:gs1:std:gdsn:a6888	seasonName	1	datatype property	http://www.w3.org/1999/02/22-rdf-syntax-ns#Property | http://www.w3.org/2002/07/owl#DatatypeProperty	https://ref.gs1.org/voc/WearableProduct	http://www.w3.org/1999/02/22-rdf-syntax-ns#langString	Element defines the season applicable to the item for example Winter.	object property	http://www.w3.org/2002/07/owl#ObjectProperty	urn:gs1:std:gdsn:c1297443462	urn:gs1:std:gdsn:c1442	Element defines the season applicable to the item.	False	True	urn:gs1:std:gdsn:c1442	Description70	3	http://www.w3.org/2001/XMLSchema#string	True	<urn:gs1:std:gdsn:a6888>/<http://www.w3.org/1999/02/22-rdf-syntax-ns#value>	urn:gs1:std:gdsn:a7127	<urn:gs1:std:gdsn:a6888>/<urn:gs1:std:gdsn:a7127>	urn:gs1:std:gdsn:a7241 (codeListVersion)	structured text with language qualifier
exact	https://ref.gs1.org/voc/servingSizeDescription	servingSizeDescription	urn:gs1:std:gdsn:a1118763658	servingSizeDescription	1	datatype property	http://www.w3.org/1999/02/22-rdf-syntax-ns#Property | http://www.w3.org/2002/07/owl#DatatypeProperty	https://ref.gs1.org/voc/FoodBeverageTobaccoProduct	http://www.w3.org/1999/02/22-rdf-syntax-ns#langString	A free text field specifying the serving size for which the nutrient information has been stated for example: per 1/3 cup (42 g).	object property	http://www.w3.org/2002/07/owl#ObjectProperty	urn:gs1:std:gdsn:c1336934671	urn:gs1:std:gdsn:c-1284986072	A free text field specifying the serving size for which the nutrient information has been stated for example: per 1/3 cup (42 g).	False	True	urn:gs1:std:gdsn:c-1284986072	Description500	3	http://www.w3.org/2001/XMLSchema#string	True	<urn:gs1:std:gdsn:a1118763658>/<http://www.w3.org/1999/02/22-rdf-syntax-ns#value>	urn:gs1:std:gdsn:a-613866090	<urn:gs1:std:gdsn:a1118763658>/<urn:gs1:std:gdsn:a-613866090>	urn:gs1:std:gdsn:a-1792276983 (codeListVersion)	structured text with language qualifier
exact	https://ref.gs1.org/voc/servingSuggestion	servingSuggestion	urn:gs1:std:gdsn:a-87316448	servingSuggestion	1	datatype property	http://www.w3.org/1999/02/22-rdf-syntax-ns#Property | http://www.w3.org/2002/07/owl#DatatypeProperty	https://ref.gs1.org/voc/FoodBeverageTobaccoProduct	http://www.w3.org/1999/02/22-rdf-syntax-ns#langString	Free text field for serving suggestion.	object property	http://www.w3.org/2002/07/owl#ObjectProperty	urn:gs1:std:gdsn:c-970284611	urn:gs1:std:gdsn:c1446	Free text field for serving suggestion.	False	True	urn:gs1:std:gdsn:c1446	Description1000	3	http://www.w3.org/2001/XMLSchema#string	True	<urn:gs1:std:gdsn:a-87316448>/<http://www.w3.org/1999/02/22-rdf-syntax-ns#value>	urn:gs1:std:gdsn:a7108	<urn:gs1:std:gdsn:a-87316448>/<urn:gs1:std:gdsn:a7108>	urn:gs1:std:gdsn:a7243 (codeListVersion)	structured text with language qualifier
exact	https://ref.gs1.org/voc/styleDescription	styleDescription	urn:gs1:std:gdsn:a147145144	styleDescription	1	datatype property	http://www.w3.org/1999/02/22-rdf-syntax-ns#Property | http://www.w3.org/2002/07/owl#DatatypeProperty	https://ref.gs1.org/voc/WearableProduct	http://www.w3.org/1999/02/22-rdf-syntax-ns#langString	An attribute that classifies products that share many of the same characteristics (attribute values) that does NOT vary by GTIN, and are presented by the supplier as a single merchandise selection for the buyer.	object property	http://www.w3.org/2002/07/owl#ObjectProperty	urn:gs1:std:gdsn:c611501245	urn:gs1:std:gdsn:c1442	A description of the style of GTINs that share many of the similar characteristics and are recognizable types of products by the consumer.	False	True	urn:gs1:std:gdsn:c1442	Description70	3	http://www.w3.org/2001/XMLSchema#string	True	<urn:gs1:std:gdsn:a147145144>/<http://www.w3.org/1999/02/22-rdf-syntax-ns#value>	urn:gs1:std:gdsn:a7127	<urn:gs1:std:gdsn:a147145144>/<urn:gs1:std:gdsn:a7127>	urn:gs1:std:gdsn:a7241 (codeListVersion)	structured text with language qualifier
exact	https://ref.gs1.org/voc/variantDescription	variantDescription	urn:gs1:std:gdsn:a122849532	variantDescription	1	datatype property	http://www.w3.org/1999/02/22-rdf-syntax-ns#Property | http://www.w3.org/2002/07/owl#DatatypeProperty	https://ref.gs1.org/voc/Product	http://www.w3.org/1999/02/22-rdf-syntax-ns#langString	Free text field used to identify the variant of the product. Variants are the distinguishing characteristics that differentiate products with the same brand and size including such things as the particular flavour, fragrance, taste.	object property	http://www.w3.org/2002/07/owl#ObjectProperty	urn:gs1:std:gdsn:c1204161147	urn:gs1:std:gdsn:c-1284986072	Free text field used to identify the variant of the product. Variants are the distinguishing characteristics that differentiate products with the same brand and size including such things as the particular flavor, fragrance, taste.	False	True	urn:gs1:std:gdsn:c-1284986072	Description500	3	http://www.w3.org/2001/XMLSchema#string	True	<urn:gs1:std:gdsn:a122849532>/<http://www.w3.org/1999/02/22-rdf-syntax-ns#value>	urn:gs1:std:gdsn:a-613866090	<urn:gs1:std:gdsn:a122849532>/<urn:gs1:std:gdsn:a-613866090>	urn:gs1:std:gdsn:a-1792276983 (codeListVersion)	structured text with language qualifier
exact	https://ref.gs1.org/voc/warningCopyDescription	warningCopyDescription	urn:gs1:std:gdsn:a407570699	warningCopyDescription	1	datatype property	http://www.w3.org/1999/02/22-rdf-syntax-ns#Property | http://www.w3.org/2002/07/owl#DatatypeProperty	https://ref.gs1.org/voc/Product	http://www.w3.org/1999/02/22-rdf-syntax-ns#langString	Warning information is additional information that outlines special requirements, warning and caution information printed on the package.	object property	http://www.w3.org/2002/07/owl#ObjectProperty	urn:gs1:std:gdsn:c1358	urn:gs1:std:gdsn:c1444	Warning information is additional information that outlines special requirements, warning and caution information printed on the package.	False	True	urn:gs1:std:gdsn:c1444	Description5000	3	http://www.w3.org/2001/XMLSchema#string	True	<urn:gs1:std:gdsn:a407570699>/<http://www.w3.org/1999/02/22-rdf-syntax-ns#value>	urn:gs1:std:gdsn:a7053	<urn:gs1:std:gdsn:a407570699>/<urn:gs1:std:gdsn:a7053>	urn:gs1:std:gdsn:a7237 (codeListVersion)	structured text with language qualifier
